{
    "name": "root",
    "metadata": {
        "timer_format_version": "0.1.0",
        "start_time_seconds": "1623483341",
        "python_version": "3.9.5 (tags/v3.9.5:0a7dcbd, May  3 2021, 17:27:52) [MSC v.1928 64 bit (AMD64)]",
        "command_line_arguments": "D:\\Unity Game Dev\\HummingBirds MLAgents\\Training\\python\\ml-agents\\Scripts\\mlagents-learn ./trainer_config.yaml --run-id hb_01 --resume",
        "mlagents_version": "0.16.1",
        "mlagents_envs_version": "0.16.1",
        "communication_protocol_version": "1.0.0",
        "tensorflow_version": "2.5.0",
        "end_time_seconds": "1623483376"
    },
    "total": 34.7789902,
    "count": 1,
    "self": 0.49275180000000063,
    "children": {
        "run_training.setup": {
            "total": 0.3375059,
            "count": 1,
            "self": 0.3375059
        },
        "TrainerController.start_learning": {
            "total": 33.948732500000006,
            "count": 1,
            "self": 5.044532400000005,
            "children": {
                "TrainerController._reset_env": {
                    "total": 25.0103701,
                    "count": 1,
                    "self": 25.0103701
                },
                "TrainerController.advance": {
                    "total": 1.4012625000000014,
                    "count": 1,
                    "self": 1.619999999746824e-05,
                    "children": {
                        "env_step": {
                            "total": 1.401246300000004,
                            "count": 1,
                            "self": 0.17539900000000586,
                            "children": {
                                "SubprocessEnvManager._take_step": {
                                    "total": 1.2258257000000015,
                                    "count": 1,
                                    "self": 6.960000000333366e-05,
                                    "children": {
                                        "NNPolicy.evaluate": {
                                            "total": 1.2257560999999981,
                                            "count": 1,
                                            "self": 1.2257560999999981
                                        }
                                    }
                                },
                                "workers": {
                                    "total": 2.159999999662432e-05,
                                    "count": 1,
                                    "self": 0.0,
                                    "children": {
                                        "worker_root": {
                                            "total": 5.501508300000001,
                                            "count": 1,
                                            "is_parallel": true,
                                            "self": 5.3355643000000015,
                                            "children": {
                                                "steps_from_proto": {
                                                    "total": 0.0013706000000013319,
                                                    "count": 1,
                                                    "is_parallel": true,
                                                    "self": 0.00025319999999595666,
                                                    "children": {
                                                        "_process_vector_observation": {
                                                            "total": 0.0011174000000053752,
                                                            "count": 8,
                                                            "is_parallel": true,
                                                            "self": 0.0011174000000053752
                                                        }
                                                    }
                                                },
                                                "UnityEnvironment.step": {
                                                    "total": 0.16457339999999832,
                                                    "count": 1,
                                                    "is_parallel": true,
                                                    "self": 0.00013449999999437523,
                                                    "children": {
                                                        "UnityEnvironment._generate_step_input": {
                                                            "total": 0.0009934999999998695,
                                                            "count": 1,
                                                            "is_parallel": true,
                                                            "self": 0.0009934999999998695
                                                        },
                                                        "communicator.exchange": {
                                                            "total": 0.16253440000000197,
                                                            "count": 1,
                                                            "is_parallel": true,
                                                            "self": 0.16253440000000197
                                                        },
                                                        "steps_from_proto": {
                                                            "total": 0.0009110000000021046,
                                                            "count": 1,
                                                            "is_parallel": true,
                                                            "self": 0.00016030000000455402,
                                                            "children": {
                                                                "_process_vector_observation": {
                                                                    "total": 0.0007506999999975505,
                                                                    "count": 8,
                                                                    "is_parallel": true,
                                                                    "self": 0.0007506999999975505
                                                                }
                                                            }
                                                        }
                                                    }
                                                }
                                            }
                                        }
                                    }
                                }
                            }
                        }
                    }
                },
                "trainer_threads": {
                    "total": 1.770000000078653e-05,
                    "count": 1,
                    "self": 1.770000000078653e-05,
                    "children": {
                        "thread_root": {
                            "total": 0.0,
                            "count": 0,
                            "is_parallel": true,
                            "self": 0.0,
                            "children": {
                                "trainer_advance": {
                                    "total": 1.3885347000000792,
                                    "count": 670,
                                    "is_parallel": true,
                                    "self": 0.025462800000063623,
                                    "children": {
                                        "process_trajectory": {
                                            "total": 1.3630719000000155,
                                            "count": 670,
                                            "is_parallel": true,